"Statistic Label","Census Year","County","UNIT","VALUE"
"Population","1926","State","Number","2971992"
"Population","1926","Carlow","Number","34476"
"Population","1926","Dublin","Number","505654"
"Population","1926","Kildare","Number","58028"
"Population","1926","Kilkenny","Number","70990"
"Population","1926","Laois","Number","51540"
"Population","1926","Longford","Number","39847"
"Population","1926","Louth","Number","62739"
"Population","1926","Meath","Number","62969"
"Population","1926","Offaly","Number","52592"
"Population","1926","Westmeath","Number","56818"
"Population","1926","Wexford","Number","95848"
"Population","1926","Wicklow","Number","57591"
"Population","1926","Clare","Number","95064"
"Population","1926","Cork","Number","365747"
"Population","1926","Kerry","Number","149171"
"Population","1926","Limerick","Number","140343"
"Population","1926","Tipperary","Number","141015"
"Population","1926","Waterford","Number","78562"
"Population","1926","Galway","Number","169366"
"Population","1926","Leitrim","Number","55907"
"Population","1926","Mayo","Number","172690"
"Population","1926","Roscommon","Number","83556"
"Population","1926","Sligo","Number","71388"
"Population","1926","Cavan","Number","82452"
"Population","1926","Donegal","Number","152508"
"Population","1926","Monaghan","Number","65131"
"Population","1936","State","Number","2968420"
"Population","1936","Carlow","Number","34452"
"Population","1936","Dublin","Number","586925"
"Population","1936","Kildare","Number","57892"
"Population","1936","Kilkenny","Number","68614"
"Population","1936","Laois","Number","50109"
"Population","1936","Longford","Number","37847"
"Population","1936","Louth","Number","64339"
"Population","1936","Meath","Number","61405"
"Population","1936","Offaly","Number","51308"
"Population","1936","Westmeath","Number","54706"
"Population","1936","Wexford","Number","94245"
"Population","1936","Wicklow","Number","58569"
"Population","1936","Clare","Number","89879"
"Population","1936","Cork","Number","355957"
"Population","1936","Kerry","Number","139834"
"Population","1936","Limerick","Number","141153"
"Population","1936","Tipperary","Number","137835"
"Population","1936","Waterford","Number","77614"
"Population","1936","Galway","Number","168198"
"Population","1936","Leitrim","Number","50908"
"Population","1936","Mayo","Number","161349"
"Population","1936","Roscommon","Number","77566"
"Population","1936","Sligo","Number","67447"
"Population","1936","Cavan","Number","76670"
"Population","1936","Donegal","Number","142310"
"Population","1936","Monaghan","Number","61289"
"Population","1946","State","Number","2955107"
"Population","1946","Carlow","Number","34081"
"Population","1946","Dublin","Number","636193"
"Population","1946","Kildare","Number","64849"
"Population","1946","Kilkenny","Number","66712"
"Population","1946","Laois","Number","49697"
"Population","1946","Longford","Number","36218"
"Population","1946","Louth","Number","66194"
"Population","1946","Meath","Number","66232"
"Population","1946","Offaly","Number","53686"
"Population","1946","Westmeath","Number","54949"
"Population","1946","Wexford","Number","91855"
"Population","1946","Wicklow","Number","60451"
"Population","1946","Clare","Number","85064"
"Population","1946","Cork","Number","343668"
"Population","1946","Kerry","Number","133893"
"Population","1946","Limerick","Number","142559"
"Population","1946","Tipperary","Number","136014"
"Population","1946","Waterford","Number","76108"
"Population","1946","Galway","Number","165201"
"Population","1946","Leitrim","Number","44591"
"Population","1946","Mayo","Number","148120"
"Population","1946","Roscommon","Number","72510"
"Population","1946","Sligo","Number","62375"
"Population","1946","Cavan","Number","70355"
"Population","1946","Donegal","Number","136317"
"Population","1946","Monaghan","Number","57215"
"Population","1951","State","Number","2960593"
"Population","1951","Carlow","Number","34162"
"Population","1951","Dublin","Number","693022"
"Population","1951","Kildare","Number","66437"
"Population","1951","Kilkenny","Number","65235"
"Population","1951","Laois","Number","48430"
"Population","1951","Longford","Number","34553"
"Population","1951","Louth","Number","68771"
"Population","1951","Meath","Number","66337"
"Population","1951","Offaly","Number","52544"
"Population","1951","Westmeath","Number","54463"
"Population","1951","Wexford","Number","90032"
"Population","1951","Wicklow","Number","62590"
"Population","1951","Clare","Number","81329"
"Population","1951","Cork","Number","341284"
"Population","1951","Kerry","Number","126644"
"Population","1951","Limerick","Number","141239"
"Population","1951","Tipperary","Number","133313"
"Population","1951","Waterford","Number","75061"
"Population","1951","Galway","Number","160204"
"Population","1951","Leitrim","Number","41209"
"Population","1951","Mayo","Number","141867"
"Population","1951","Roscommon","Number","68102"
"Population","1951","Sligo","Number","60513"
"Population","1951","Cavan","Number","66377"
"Population","1951","Donegal","Number","131530"
"Population","1951","Monaghan","Number","55345"
"Population","1956","State","Number","2898264"
"Population","1956","Carlow","Number","33888"
"Population","1956","Dublin","Number","705781"
"Population","1956","Kildare","Number","65915"
"Population","1956","Kilkenny","Number","64089"
"Population","1956","Laois","Number","47087"
"Population","1956","Longford","Number","32969"
"Population","1956","Louth","Number","69194"
"Population","1956","Meath","Number","66762"
"Population","1956","Offaly","Number","51970"
"Population","1956","Westmeath","Number","54122"
"Population","1956","Wexford","Number","87259"
"Population","1956","Wicklow","Number","59906"
"Population","1956","Clare","Number","77176"
"Population","1956","Cork","Number","336663"
"Population","1956","Kerry","Number","122072"
"Population","1956","Limerick","Number","137881"
"Population","1956","Tipperary","Number","129415"
"Population","1956","Waterford","Number","74031"
"Population","1956","Galway","Number","155553"
"Population","1956","Leitrim","Number","37056"
"Population","1956","Mayo","Number","133052"
"Population","1956","Roscommon","Number","63710"
"Population","1956","Sligo","Number","56850"
"Population","1956","Cavan","Number","61740"
"Population","1956","Donegal","Number","122059"
"Population","1956","Monaghan","Number","52064"
"Population","1961","State","Number","2818341"
"Population","1961","Carlow","Number","33342"
"Population","1961","Dublin","Number","718332"
"Population","1961","Kildare","Number","64420"
"Population","1961","Kilkenny","Number","61668"
"Population","1961","Laois","Number","45069"
"Population","1961","Longford","Number","30643"
"Population","1961","Louth","Number","67378"
"Population","1961","Meath","Number","65122"
"Population","1961","Offaly","Number","51533"
"Population","1961","Westmeath","Number","52861"
"Population","1961","Wexford","Number","83308"
"Population","1961","Wicklow","Number","58473"
"Population","1961","Clare","Number","73702"
"Population","1961","Cork","Number","330443"
"Population","1961","Kerry","Number","116458"
"Population","1961","Limerick","Number","133339"
"Population","1961","Tipperary","Number","123822"
"Population","1961","Waterford","Number","71439"
"Population","1961","Galway","Number","149887"
"Population","1961","Leitrim","Number","33470"
"Population","1961","Mayo","Number","123330"
"Population","1961","Roscommon","Number","59217"
"Population","1961","Sligo","Number","53561"
"Population","1961","Cavan","Number","56594"
"Population","1961","Donegal","Number","113842"
"Population","1961","Monaghan","Number","47088"
"Population","1966","State","Number","2884002"
"Population","1966","Carlow","Number","33593"
"Population","1966","Dublin","Number","795047"
"Population","1966","Kildare","Number","66404"
"Population","1966","Kilkenny","Number","60463"
"Population","1966","Laois","Number","44595"
"Population","1966","Longford","Number","28989"
"Population","1966","Louth","Number","69519"
"Population","1966","Meath","Number","67323"
"Population","1966","Offaly","Number","51717"
"Population","1966","Westmeath","Number","52900"
"Population","1966","Wexford","Number","83437"
"Population","1966","Wicklow","Number","60428"
"Population","1966","Clare","Number","73597"
"Population","1966","Cork","Number","339703"
"Population","1966","Kerry","Number","112785"
"Population","1966","Limerick","Number","137357"
"Population","1966","Tipperary","Number","122812"
"Population","1966","Waterford","Number","73080"
"Population","1966","Galway","Number","148340"
"Population","1966","Leitrim","Number","30572"
"Population","1966","Mayo","Number","115547"
"Population","1966","Roscommon","Number","56228"
"Population","1966","Sligo","Number","51263"
"Population","1966","Cavan","Number","54022"
"Population","1966","Donegal","Number","108549"
"Population","1966","Monaghan","Number","45732"
"Population","1971","State","Number","2978248"
"Population","1971","Carlow","Number","34237"
"Population","1971","Dublin","Number","852219"
"Population","1971","Kildare","Number","71977"
"Population","1971","Kilkenny","Number","61473"
"Population","1971","Laois","Number","45259"
"Population","1971","Longford","Number","28250"
"Population","1971","Louth","Number","74951"
"Population","1971","Meath","Number","71729"
"Population","1971","Offaly","Number","51829"
"Population","1971","Westmeath","Number","53570"
"Population","1971","Wexford","Number","86351"
"Population","1971","Wicklow","Number","66295"
"Population","1971","Clare","Number","75008"
"Population","1971","Cork","Number","352883"
"Population","1971","Kerry","Number","112772"
"Population","1971","Limerick","Number","140459"
"Population","1971","Tipperary","Number","123565"
"Population","1971","Waterford","Number","77315"
"Population","1971","Galway","Number","149223"
"Population","1971","Leitrim","Number","28360"
"Population","1971","Mayo","Number","109525"
"Population","1971","Roscommon","Number","53519"
"Population","1971","Sligo","Number","50275"
"Population","1971","Cavan","Number","52618"
"Population","1971","Donegal","Number","108344"
"Population","1971","Monaghan","Number","46242"
"Population","1979","State","Number","3368217"
"Population","1979","Carlow","Number","38668"
"Population","1979","Dublin","Number","983683"
"Population","1979","Kildare","Number","97185"
"Population","1979","Kilkenny","Number","69156"
"Population","1979","Laois","Number","49936"
"Population","1979","Longford","Number","30785"
"Population","1979","Louth","Number","86135"
"Population","1979","Meath","Number","90715"
"Population","1979","Offaly","Number","57342"
"Population","1979","Westmeath","Number","59885"
"Population","1979","Wexford","Number","96421"
"Population","1979","Wicklow","Number","83950"
"Population","1979","Clare","Number","84919"
"Population","1979","Cork","Number","396118"
"Population","1979","Kerry","Number","120356"
"Population","1979","Limerick","Number","157407"
"Population","1979","Tipperary","Number","133741"
"Population","1979","Waterford","Number","87278"
"Population","1979","Galway","Number","167838"
"Population","1979","Leitrim","Number","27844"
"Population","1979","Mayo","Number","114019"
"Population","1979","Roscommon","Number","54189"
"Population","1979","Sligo","Number","54610"
"Population","1979","Cavan","Number","53720"
"Population","1979","Donegal","Number","121941"
"Population","1979","Monaghan","Number","50376"
"Population","1981","State","Number","3443405"
"Population","1981","Carlow","Number","39820"
"Population","1981","Dublin","Number","1003164"
"Population","1981","Kildare","Number","104122"
"Population","1981","Kilkenny","Number","70806"
"Population","1981","Laois","Number","51171"
"Population","1981","Longford","Number","31140"
"Population","1981","Louth","Number","88514"
"Population","1981","Meath","Number","95419"
"Population","1981","Offaly","Number","58312"
"Population","1981","Westmeath","Number","61523"
"Population","1981","Wexford","Number","99081"
"Population","1981","Wicklow","Number","87449"
"Population","1981","Clare","Number","87567"
"Population","1981","Cork","Number","402465"
"Population","1981","Kerry","Number","122770"
"Population","1981","Limerick","Number","161661"
"Population","1981","Tipperary","Number","135261"
"Population","1981","Waterford","Number","88591"
"Population","1981","Galway","Number","172018"
"Population","1981","Leitrim","Number","27609"
"Population","1981","Mayo","Number","114766"
"Population","1981","Roscommon","Number","54543"
"Population","1981","Sligo","Number","55474"
"Population","1981","Cavan","Number","53855"
"Population","1981","Donegal","Number","125112"
"Population","1981","Monaghan","Number","51192"
"Population","1986","State","Number","3540643"
"Population","1986","Carlow","Number","40988"
"Population","1986","Dublin","Number","1021449"
"Population","1986","Kildare","Number","116247"
"Population","1986","Kilkenny","Number","73186"
"Population","1986","Laois","Number","53284"
"Population","1986","Longford","Number","31496"
"Population","1986","Louth","Number","91810"
"Population","1986","Meath","Number","103881"
"Population","1986","Offaly","Number","59835"
"Population","1986","Westmeath","Number","63379"
"Population","1986","Wexford","Number","102552"
"Population","1986","Wicklow","Number","94542"
"Population","1986","Clare","Number","91344"
"Population","1986","Cork","Number","412735"
"Population","1986","Kerry","Number","124159"
"Population","1986","Limerick","Number","164569"
"Population","1986","Tipperary","Number","136619"
"Population","1986","Waterford","Number","91151"
"Population","1986","Galway","Number","178552"
"Population","1986","Leitrim","Number","27035"
"Population","1986","Mayo","Number","115184"
"Population","1986","Roscommon","Number","54592"
"Population","1986","Sligo","Number","56046"
"Population","1986","Cavan","Number","53965"
"Population","1986","Donegal","Number","129664"
"Population","1986","Monaghan","Number","52379"
"Population","1991","State","Number","3525719"
"Population","1991","Carlow","Number","40942"
"Population","1991","Dublin","Number","1025304"
"Population","1991","Kildare","Number","122656"
"Population","1991","Kilkenny","Number","73635"
"Population","1991","Laois","Number","52314"
"Population","1991","Longford","Number","30296"
"Population","1991","Louth","Number","90724"
"Population","1991","Meath","Number","105370"
"Population","1991","Offaly","Number","58494"
"Population","1991","Westmeath","Number","61880"
"Population","1991","Wexford","Number","102069"
"Population","1991","Wicklow","Number","97265"
"Population","1991","Clare","Number","90918"
"Population","1991","Cork","Number","410369"
"Population","1991","Kerry","Number","121894"
"Population","1991","Limerick","Number","161956"
"Population","1991","Tipperary","Number","132772"
"Population","1991","Waterford","Number","91624"
"Population","1991","Galway","Number","180364"
"Population","1991","Leitrim","Number","25301"
"Population","1991","Mayo","Number","110713"
"Population","1991","Roscommon","Number","51897"
"Population","1991","Sligo","Number","54756"
"Population","1991","Cavan","Number","52796"
"Population","1991","Donegal","Number","128117"
"Population","1991","Monaghan","Number","51293"
"Population","1996","State","Number","3626087"
"Population","1996","Carlow","Number","41616"
"Population","1996","Dublin","Number","1058264"
"Population","1996","Kildare","Number","134992"
"Population","1996","Kilkenny","Number","75336"
"Population","1996","Laois","Number","52945"
"Population","1996","Longford","Number","30166"
"Population","1996","Louth","Number","92166"
"Population","1996","Meath","Number","109732"
"Population","1996","Offaly","Number","59117"
"Population","1996","Westmeath","Number","63314"
"Population","1996","Wexford","Number","104371"
"Population","1996","Wicklow","Number","102683"
"Population","1996","Clare","Number","94006"
"Population","1996","Cork","Number","420510"
"Population","1996","Kerry","Number","126130"
"Population","1996","Limerick","Number","165042"
"Population","1996","Tipperary","Number","133535"
"Population","1996","Waterford","Number","94680"
"Population","1996","Galway","Number","188854"
"Population","1996","Leitrim","Number","25057"
"Population","1996","Mayo","Number","111524"
"Population","1996","Roscommon","Number","51975"
"Population","1996","Sligo","Number","55821"
"Population","1996","Cavan","Number","52944"
"Population","1996","Donegal","Number","129994"
"Population","1996","Monaghan","Number","51313"
"Population","2002","State","Number","3917203"
"Population","2002","Carlow","Number","46014"
"Population","2002","Dublin","Number","1122821"
"Population","2002","Kildare","Number","163944"
"Population","2002","Kilkenny","Number","80339"
"Population","2002","Laois","Number","58774"
"Population","2002","Longford","Number","31068"
"Population","2002","Louth","Number","101821"
"Population","2002","Meath","Number","134005"
"Population","2002","Offaly","Number","63663"
"Population","2002","Westmeath","Number","71858"
"Population","2002","Wexford","Number","116596"
"Population","2002","Wicklow","Number","114676"
"Population","2002","Clare","Number","103277"
"Population","2002","Cork","Number","447829"
"Population","2002","Kerry","Number","132527"
"Population","2002","Limerick","Number","175304"
"Population","2002","Tipperary","Number","140131"
"Population","2002","Waterford","Number","101546"
"Population","2002","Galway","Number","209077"
"Population","2002","Leitrim","Number","25799"
"Population","2002","Mayo","Number","117446"
"Population","2002","Roscommon","Number","53774"
"Population","2002","Sligo","Number","58200"
"Population","2002","Cavan","Number","56546"
"Population","2002","Donegal","Number","137575"
"Population","2002","Monaghan","Number","52593"
"Population","2006","State","Number","4239848"
"Population","2006","Carlow","Number","50349"
"Population","2006","Dublin","Number","1187176"
"Population","2006","Kildare","Number","186335"
"Population","2006","Kilkenny","Number","87558"
"Population","2006","Laois","Number","67059"
"Population","2006","Longford","Number","34391"
"Population","2006","Louth","Number","111267"
"Population","2006","Meath","Number","162831"
"Population","2006","Offaly","Number","70868"
"Population","2006","Westmeath","Number","79346"
"Population","2006","Wexford","Number","131749"
"Population","2006","Wicklow","Number","126194"
"Population","2006","Clare","Number","110950"
"Population","2006","Cork","Number","481295"
"Population","2006","Kerry","Number","139835"
"Population","2006","Limerick","Number","184055"
"Population","2006","Tipperary","Number","149244"
"Population","2006","Waterford","Number","107961"
"Population","2006","Galway","Number","231670"
"Population","2006","Leitrim","Number","28950"
"Population","2006","Mayo","Number","123839"
"Population","2006","Roscommon","Number","58768"
"Population","2006","Sligo","Number","60894"
"Population","2006","Cavan","Number","64003"
"Population","2006","Donegal","Number","147264"
"Population","2006","Monaghan","Number","55997"
"Population","2011","State","Number","4588252"
"Population","2011","Carlow","Number","54612"
"Population","2011","Dublin","Number","1273069"
"Population","2011","Kildare","Number","210312"
"Population","2011","Kilkenny","Number","95419"
"Population","2011","Laois","Number","80559"
"Population","2011","Longford","Number","39000"
"Population","2011","Louth","Number","122897"
"Population","2011","Meath","Number","184135"
"Population","2011","Offaly","Number","76687"
"Population","2011","Westmeath","Number","86164"
"Population","2011","Wexford","Number","145320"
"Population","2011","Wicklow","Number","136640"
"Population","2011","Clare","Number","117196"
"Population","2011","Cork","Number","519032"
"Population","2011","Kerry","Number","145502"
"Population","2011","Limerick","Number","191809"
"Population","2011","Tipperary","Number","158754"
"Population","2011","Waterford","Number","113795"
"Population","2011","Galway","Number","250653"
"Population","2011","Leitrim","Number","31798"
"Population","2011","Mayo","Number","130638"
"Population","2011","Roscommon","Number","64065"
"Population","2011","Sligo","Number","65393"
"Population","2011","Cavan","Number","73183"
"Population","2011","Donegal","Number","161137"
"Population","2011","Monaghan","Number","60483"
"Population","2016","State","Number","4761865"
"Population","2016","Carlow","Number","56932"
"Population","2016","Dublin","Number","1347359"
"Population","2016","Kildare","Number","222504"
"Population","2016","Kilkenny","Number","99232"
"Population","2016","Laois","Number","84697"
"Population","2016","Longford","Number","40873"
"Population","2016","Louth","Number","128884"
"Population","2016","Meath","Number","195044"
"Population","2016","Offaly","Number","77961"
"Population","2016","Westmeath","Number","88770"
"Population","2016","Wexford","Number","149722"
"Population","2016","Wicklow","Number","142425"
"Population","2016","Clare","Number","118817"
"Population","2016","Cork","Number","542868"
"Population","2016","Kerry","Number","147707"
"Population","2016","Limerick","Number","194899"
"Population","2016","Tipperary","Number","159553"
"Population","2016","Waterford","Number","116176"
"Population","2016","Galway","Number","258058"
"Population","2016","Leitrim","Number","32044"
"Population","2016","Mayo","Number","130507"
"Population","2016","Roscommon","Number","64544"
"Population","2016","Sligo","Number","65535"
"Population","2016","Cavan","Number","76176"
"Population","2016","Donegal","Number","159192"
"Population","2016","Monaghan","Number","61386"
"Population","2022","State","Number","5149139"
"Population","2022","Carlow","Number","61968"
"Population","2022","Dublin","Number","1458154"
"Population","2022","Kildare","Number","247774"
"Population","2022","Kilkenny","Number","104160"
"Population","2022","Laois","Number","91877"
"Population","2022","Longford","Number","46751"
"Population","2022","Louth","Number","139703"
"Population","2022","Meath","Number","220826"
"Population","2022","Offaly","Number","83150"
"Population","2022","Westmeath","Number","96221"
"Population","2022","Wexford","Number","163919"
"Population","2022","Wicklow","Number","155851"
"Population","2022","Clare","Number","127938"
"Population","2022","Cork","Number","584156"
"Population","2022","Kerry","Number","156458"
"Population","2022","Limerick","Number","209536"
"Population","2022","Tipperary","Number","167895"
"Population","2022","Waterford","Number","127363"
"Population","2022","Galway","Number","277737"
"Population","2022","Leitrim","Number","35199"
"Population","2022","Mayo","Number","137970"
"Population","2022","Roscommon","Number","70259"
"Population","2022","Sligo","Number","70198"
"Population","2022","Cavan","Number","81704"
"Population","2022","Donegal","Number","167084"
"Population","2022","Monaghan","Number","65288"
"Actual change since previous census","1926","State","Number","-167696"
"Actual change since previous census","1926","Carlow","Number","-1776"
"Actual change since previous census","1926","Dublin","Number","28458"
"Actual change since previous census","1926","Kildare","Number","-8599"
"Actual change since previous census","1926","Kilkenny","Number","-3972"
"Actual change since previous census","1926","Laois","Number","-3089"
"Actual change since previous census","1926","Longford","Number","-3973"
"Actual change since previous census","1926","Louth","Number","-926"
"Actual change since previous census","1926","Meath","Number","-2122"
"Actual change since previous census","1926","Offaly","Number","-4240"
"Actual change since previous census","1926","Westmeath","Number","-3168"
"Actual change since previous census","1926","Wexford","Number","-6425"
"Actual change since previous census","1926","Wicklow","Number","-3120"
"Actual change since previous census","1926","Clare","Number","-9168"
"Actual change since previous census","1926","Cork","Number","-26357"
"Actual change since previous census","1926","Kerry","Number","-10520"
"Actual change since previous census","1926","Limerick","Number","-2726"
"Actual change since previous census","1926","Tipperary","Number","-11418"
"Actual change since previous census","1926","Waterford","Number","-5404"
"Actual change since previous census","1926","Galway","Number","-12858"
"Actual change since previous census","1926","Leitrim","Number","-7675"
"Actual change since previous census","1926","Mayo","Number","-19487"
"Actual change since previous census","1926","Roscommon","Number","-10400"
"Actual change since previous census","1926","Sligo","Number","-7657"
"Actual change since previous census","1926","Cavan","Number","-8721"
"Actual change since previous census","1926","Donegal","Number","-16029"
"Actual change since previous census","1926","Monaghan","Number","-6324"
"Actual change since previous census","1936","State","Number","-3572"
"Actual change since previous census","1936","Carlow","Number","-24"
"Actual change since previous census","1936","Dublin","Number","81271"
"Actual change since previous census","1936","Kildare","Number","-136"
"Actual change since previous census","1936","Kilkenny","Number","-2376"
"Actual change since previous census","1936","Laois","Number","-1431"
"Actual change since previous census","1936","Longford","Number","-2000"
"Actual change since previous census","1936","Louth","Number","1600"
"Actual change since previous census","1936","Meath","Number","-1564"
"Actual change since previous census","1936","Offaly","Number","-1284"
"Actual change since previous census","1936","Westmeath","Number","-2112"
"Actual change since previous census","1936","Wexford","Number","-1603"
"Actual change since previous census","1936","Wicklow","Number","978"
"Actual change since previous census","1936","Clare","Number","-5185"
"Actual change since previous census","1936","Cork","Number","-9790"
"Actual change since previous census","1936","Kerry","Number","-9337"
"Actual change since previous census","1936","Limerick","Number","810"
"Actual change since previous census","1936","Tipperary","Number","-3180"
"Actual change since previous census","1936","Waterford","Number","-948"
"Actual change since previous census","1936","Galway","Number","-1168"
"Actual change since previous census","1936","Leitrim","Number","-4999"
"Actual change since previous census","1936","Mayo","Number","-11341"
"Actual change since previous census","1936","Roscommon","Number","-5990"
"Actual change since previous census","1936","Sligo","Number","-3941"
"Actual change since previous census","1936","Cavan","Number","-5782"
"Actual change since previous census","1936","Donegal","Number","-10198"
"Actual change since previous census","1936","Monaghan","Number","-3842"
"Actual change since previous census","1946","State","Number","-13313"
"Actual change since previous census","1946","Carlow","Number","-371"
"Actual change since previous census","1946","Dublin","Number","49268"
"Actual change since previous census","1946","Kildare","Number","6957"
"Actual change since previous census","1946","Kilkenny","Number","-1902"
"Actual change since previous census","1946","Laois","Number","-412"
"Actual change since previous census","1946","Longford","Number","-1629"
"Actual change since previous census","1946","Louth","Number","1855"
"Actual change since previous census","1946","Meath","Number","4827"
"Actual change since previous census","1946","Offaly","Number","2378"
"Actual change since previous census","1946","Westmeath","Number","243"
"Actual change since previous census","1946","Wexford","Number","-2390"
"Actual change since previous census","1946","Wicklow","Number","1882"
"Actual change since previous census","1946","Clare","Number","-4815"
"Actual change since previous census","1946","Cork","Number","-12289"
"Actual change since previous census","1946","Kerry","Number","-5941"
"Actual change since previous census","1946","Limerick","Number","1406"
"Actual change since previous census","1946","Tipperary","Number","-1821"
"Actual change since previous census","1946","Waterford","Number","-1506"
"Actual change since previous census","1946","Galway","Number","-2997"
"Actual change since previous census","1946","Leitrim","Number","-6317"
"Actual change since previous census","1946","Mayo","Number","-13229"
"Actual change since previous census","1946","Roscommon","Number","-5056"
"Actual change since previous census","1946","Sligo","Number","-5072"
"Actual change since previous census","1946","Cavan","Number","-6315"
"Actual change since previous census","1946","Donegal","Number","-5993"
"Actual change since previous census","1946","Monaghan","Number","-4074"
"Actual change since previous census","1951","State","Number","5486"
"Actual change since previous census","1951","Carlow","Number","81"
"Actual change since previous census","1951","Dublin","Number","56829"
"Actual change since previous census","1951","Kildare","Number","1588"
"Actual change since previous census","1951","Kilkenny","Number","-1477"
"Actual change since previous census","1951","Laois","Number","-1267"
"Actual change since previous census","1951","Longford","Number","-1665"
"Actual change since previous census","1951","Louth","Number","2577"
"Actual change since previous census","1951","Meath","Number","105"
"Actual change since previous census","1951","Offaly","Number","-1142"
"Actual change since previous census","1951","Westmeath","Number","-486"
"Actual change since previous census","1951","Wexford","Number","-1823"
"Actual change since previous census","1951","Wicklow","Number","2139"
"Actual change since previous census","1951","Clare","Number","-3735"
"Actual change since previous census","1951","Cork","Number","-2384"
"Actual change since previous census","1951","Kerry","Number","-7249"
"Actual change since previous census","1951","Limerick","Number","-1320"
"Actual change since previous census","1951","Tipperary","Number","-2701"
"Actual change since previous census","1951","Waterford","Number","-1047"
"Actual change since previous census","1951","Galway","Number","-4997"
"Actual change since previous census","1951","Leitrim","Number","-3382"
"Actual change since previous census","1951","Mayo","Number","-6253"
"Actual change since previous census","1951","Roscommon","Number","-4408"
"Actual change since previous census","1951","Sligo","Number","-1862"
"Actual change since previous census","1951","Cavan","Number","-3978"
"Actual change since previous census","1951","Donegal","Number","-4787"
"Actual change since previous census","1951","Monaghan","Number","-1870"
"Actual change since previous census","1956","State","Number","-62329"
"Actual change since previous census","1956","Carlow","Number","-274"
"Actual change since previous census","1956","Dublin","Number","12759"
"Actual change since previous census","1956","Kildare","Number","-522"
"Actual change since previous census","1956","Kilkenny","Number","-1146"
"Actual change since previous census","1956","Laois","Number","-1343"
"Actual change since previous census","1956","Longford","Number","-1584"
"Actual change since previous census","1956","Louth","Number","423"
"Actual change since previous census","1956","Meath","Number","425"
"Actual change since previous census","1956","Offaly","Number","-574"
"Actual change since previous census","1956","Westmeath","Number","-341"
"Actual change since previous census","1956","Wexford","Number","-2773"
"Actual change since previous census","1956","Wicklow","Number","-2684"
"Actual change since previous census","1956","Clare","Number","-4153"
"Actual change since previous census","1956","Cork","Number","-4621"
"Actual change since previous census","1956","Kerry","Number","-4572"
"Actual change since previous census","1956","Limerick","Number","-3358"
"Actual change since previous census","1956","Tipperary","Number","-3898"
"Actual change since previous census","1956","Waterford","Number","-1030"
"Actual change since previous census","1956","Galway","Number","-4651"
"Actual change since previous census","1956","Leitrim","Number","-4153"
"Actual change since previous census","1956","Mayo","Number","-8815"
"Actual change since previous census","1956","Roscommon","Number","-4392"
"Actual change since previous census","1956","Sligo","Number","-3663"
"Actual change since previous census","1956","Cavan","Number","-4637"
"Actual change since previous census","1956","Donegal","Number","-9471"
"Actual change since previous census","1956","Monaghan","Number","-3281"
"Actual change since previous census","1961","State","Number","-79923"
"Actual change since previous census","1961","Carlow","Number","-546"
"Actual change since previous census","1961","Dublin","Number","12551"
"Actual change since previous census","1961","Kildare","Number","-1495"
"Actual change since previous census","1961","Kilkenny","Number","-2421"
"Actual change since previous census","1961","Laois","Number","-2018"
"Actual change since previous census","1961","Longford","Number","-2326"
"Actual change since previous census","1961","Louth","Number","-1816"
"Actual change since previous census","1961","Meath","Number","-1640"
"Actual change since previous census","1961","Offaly","Number","-437"
"Actual change since previous census","1961","Westmeath","Number","-1261"
"Actual change since previous census","1961","Wexford","Number","-3951"
"Actual change since previous census","1961","Wicklow","Number","-1433"
"Actual change since previous census","1961","Clare","Number","-3474"
"Actual change since previous census","1961","Cork","Number","-6220"
"Actual change since previous census","1961","Kerry","Number","-5614"
"Actual change since previous census","1961","Limerick","Number","-4542"
"Actual change since previous census","1961","Tipperary","Number","-5593"
"Actual change since previous census","1961","Waterford","Number","-2592"
"Actual change since previous census","1961","Galway","Number","-5666"
"Actual change since previous census","1961","Leitrim","Number","-3586"
"Actual change since previous census","1961","Mayo","Number","-9722"
"Actual change since previous census","1961","Roscommon","Number","-4493"
"Actual change since previous census","1961","Sligo","Number","-3289"
"Actual change since previous census","1961","Cavan","Number","-5146"
"Actual change since previous census","1961","Donegal","Number","-8217"
"Actual change since previous census","1961","Monaghan","Number","-4976"
"Actual change since previous census","1966","State","Number","65661"
"Actual change since previous census","1966","Carlow","Number","251"
"Actual change since previous census","1966","Dublin","Number","76715"
"Actual change since previous census","1966","Kildare","Number","1984"
"Actual change since previous census","1966","Kilkenny","Number","-1205"
"Actual change since previous census","1966","Laois","Number","-474"
"Actual change since previous census","1966","Longford","Number","-1654"
"Actual change since previous census","1966","Louth","Number","2141"
"Actual change since previous census","1966","Meath","Number","2201"
"Actual change since previous census","1966","Offaly","Number","184"
"Actual change since previous census","1966","Westmeath","Number","39"
"Actual change since previous census","1966","Wexford","Number","129"
"Actual change since previous census","1966","Wicklow","Number","1955"
"Actual change since previous census","1966","Clare","Number","-105"
"Actual change since previous census","1966","Cork","Number","9260"
"Actual change since previous census","1966","Kerry","Number","-3673"
"Actual change since previous census","1966","Limerick","Number","4018"
"Actual change since previous census","1966","Tipperary","Number","-1010"
"Actual change since previous census","1966","Waterford","Number","1641"
"Actual change since previous census","1966","Galway","Number","-1547"
"Actual change since previous census","1966","Leitrim","Number","-2898"
"Actual change since previous census","1966","Mayo","Number","-7783"
"Actual change since previous census","1966","Roscommon","Number","-2989"
"Actual change since previous census","1966","Sligo","Number","-2298"
"Actual change since previous census","1966","Cavan","Number","-2572"
"Actual change since previous census","1966","Donegal","Number","-5293"
"Actual change since previous census","1966","Monaghan","Number","-1356"
"Actual change since previous census","1971","State","Number","94246"
"Actual change since previous census","1971","Carlow","Number","644"
"Actual change since previous census","1971","Dublin","Number","57172"
"Actual change since previous census","1971","Kildare","Number","5573"
"Actual change since previous census","1971","Kilkenny","Number","1010"
"Actual change since previous census","1971","Laois","Number","664"
"Actual change since previous census","1971","Longford","Number","-739"
"Actual change since previous census","1971","Louth","Number","5432"
"Actual change since previous census","1971","Meath","Number","4406"
"Actual change since previous census","1971","Offaly","Number","112"
"Actual change since previous census","1971","Westmeath","Number","670"
"Actual change since previous census","1971","Wexford","Number","2914"
"Actual change since previous census","1971","Wicklow","Number","5867"
"Actual change since previous census","1971","Clare","Number","1411"
"Actual change since previous census","1971","Cork","Number","13180"
"Actual change since previous census","1971","Kerry","Number","-13"
"Actual change since previous census","1971","Limerick","Number","3102"
"Actual change since previous census","1971","Tipperary","Number","753"
"Actual change since previous census","1971","Waterford","Number","4235"
"Actual change since previous census","1971","Galway","Number","883"
"Actual change since previous census","1971","Leitrim","Number","-2212"
"Actual change since previous census","1971","Mayo","Number","-6022"
"Actual change since previous census","1971","Roscommon","Number","-2709"
"Actual change since previous census","1971","Sligo","Number","-988"
"Actual change since previous census","1971","Cavan","Number","-1404"
"Actual change since previous census","1971","Donegal","Number","-205"
"Actual change since previous census","1971","Monaghan","Number","510"
"Actual change since previous census","1979","State","Number","389969"
"Actual change since previous census","1979","Carlow","Number","4431"
"Actual change since previous census","1979","Dublin","Number","131464"
"Actual change since previous census","1979","Kildare","Number","25208"
"Actual change since previous census","1979","Kilkenny","Number","7683"
"Actual change since previous census","1979","Laois","Number","4677"
"Actual change since previous census","1979","Longford","Number","2535"
"Actual change since previous census","1979","Louth","Number","11184"
"Actual change since previous census","1979","Meath","Number","18986"
"Actual change since previous census","1979","Offaly","Number","5513"
"Actual change since previous census","1979","Westmeath","Number","6315"
"Actual change since previous census","1979","Wexford","Number","10070"
"Actual change since previous census","1979","Wicklow","Number","17655"
"Actual change since previous census","1979","Clare","Number","9911"
"Actual change since previous census","1979","Cork","Number","43235"
"Actual change since previous census","1979","Kerry","Number","7584"
"Actual change since previous census","1979","Limerick","Number","16948"
"Actual change since previous census","1979","Tipperary","Number","10176"
"Actual change since previous census","1979","Waterford","Number","9963"
"Actual change since previous census","1979","Galway","Number","18615"
"Actual change since previous census","1979","Leitrim","Number","-516"
"Actual change since previous census","1979","Mayo","Number","4494"
"Actual change since previous census","1979","Roscommon","Number","670"
"Actual change since previous census","1979","Sligo","Number","4335"
"Actual change since previous census","1979","Cavan","Number","1102"
"Actual change since previous census","1979","Donegal","Number","13597"
"Actual change since previous census","1979","Monaghan","Number","4134"
"Actual change since previous census","1981","State","Number","75188"
"Actual change since previous census","1981","Carlow","Number","1152"
"Actual change since previous census","1981","Dublin","Number","19481"
"Actual change since previous census","1981","Kildare","Number","6937"
"Actual change since previous census","1981","Kilkenny","Number","1650"
"Actual change since previous census","1981","Laois","Number","1235"
"Actual change since previous census","1981","Longford","Number","355"
"Actual change since previous census","1981","Louth","Number","2379"
"Actual change since previous census","1981","Meath","Number","4704"
"Actual change since previous census","1981","Offaly","Number","970"
"Actual change since previous census","1981","Westmeath","Number","1638"
"Actual change since previous census","1981","Wexford","Number","2660"
"Actual change since previous census","1981","Wicklow","Number","3499"
"Actual change since previous census","1981","Clare","Number","2648"
"Actual change since previous census","1981","Cork","Number","6347"
"Actual change since previous census","1981","Kerry","Number","2414"
"Actual change since previous census","1981","Limerick","Number","4254"
"Actual change since previous census","1981","Tipperary","Number","1520"
"Actual change since previous census","1981","Waterford","Number","1313"
"Actual change since previous census","1981","Galway","Number","4180"
"Actual change since previous census","1981","Leitrim","Number","-235"
"Actual change since previous census","1981","Mayo","Number","747"
"Actual change since previous census","1981","Roscommon","Number","354"
"Actual change since previous census","1981","Sligo","Number","864"
"Actual change since previous census","1981","Cavan","Number","135"
"Actual change since previous census","1981","Donegal","Number","3171"
"Actual change since previous census","1981","Monaghan","Number","816"
"Actual change since previous census","1986","State","Number","97238"
"Actual change since previous census","1986","Carlow","Number","1168"
"Actual change since previous census","1986","Dublin","Number","18285"
"Actual change since previous census","1986","Kildare","Number","12125"
"Actual change since previous census","1986","Kilkenny","Number","2380"
"Actual change since previous census","1986","Laois","Number","2113"
"Actual change since previous census","1986","Longford","Number","356"
"Actual change since previous census","1986","Louth","Number","3296"
"Actual change since previous census","1986","Meath","Number","8462"
"Actual change since previous census","1986","Offaly","Number","1523"
"Actual change since previous census","1986","Westmeath","Number","1856"
"Actual change since previous census","1986","Wexford","Number","3471"
"Actual change since previous census","1986","Wicklow","Number","7093"
"Actual change since previous census","1986","Clare","Number","3777"
"Actual change since previous census","1986","Cork","Number","10270"
"Actual change since previous census","1986","Kerry","Number","1389"
"Actual change since previous census","1986","Limerick","Number","2908"
"Actual change since previous census","1986","Tipperary","Number","1358"
"Actual change since previous census","1986","Waterford","Number","2560"
"Actual change since previous census","1986","Galway","Number","6534"
"Actual change since previous census","1986","Leitrim","Number","-574"
"Actual change since previous census","1986","Mayo","Number","418"
"Actual change since previous census","1986","Roscommon","Number","49"
"Actual change since previous census","1986","Sligo","Number","572"
"Actual change since previous census","1986","Cavan","Number","110"
"Actual change since previous census","1986","Donegal","Number","4552"
"Actual change since previous census","1986","Monaghan","Number","1187"
"Actual change since previous census","1991","State","Number","-14924"
"Actual change since previous census","1991","Carlow","Number","-46"
"Actual change since previous census","1991","Dublin","Number","3855"
"Actual change since previous census","1991","Kildare","Number","6409"
"Actual change since previous census","1991","Kilkenny","Number","449"
"Actual change since previous census","1991","Laois","Number","-970"
"Actual change since previous census","1991","Longford","Number","-1200"
"Actual change since previous census","1991","Louth","Number","-1086"
"Actual change since previous census","1991","Meath","Number","1489"
"Actual change since previous census","1991","Offaly","Number","-1341"
"Actual change since previous census","1991","Westmeath","Number","-1499"
"Actual change since previous census","1991","Wexford","Number","-483"
"Actual change since previous census","1991","Wicklow","Number","2723"
"Actual change since previous census","1991","Clare","Number","-426"
"Actual change since previous census","1991","Cork","Number","-2366"
"Actual change since previous census","1991","Kerry","Number","-2265"
"Actual change since previous census","1991","Limerick","Number","-2613"
"Actual change since previous census","1991","Tipperary","Number","-3847"
"Actual change since previous census","1991","Waterford","Number","473"
"Actual change since previous census","1991","Galway","Number","1812"
"Actual change since previous census","1991","Leitrim","Number","-1734"
"Actual change since previous census","1991","Mayo","Number","-4471"
"Actual change since previous census","1991","Roscommon","Number","-2695"
"Actual change since previous census","1991","Sligo","Number","-1290"
"Actual change since previous census","1991","Cavan","Number","-1169"
"Actual change since previous census","1991","Donegal","Number","-1547"
"Actual change since previous census","1991","Monaghan","Number","-1086"
"Actual change since previous census","1996","State","Number","100368"
"Actual change since previous census","1996","Carlow","Number","674"
"Actual change since previous census","1996","Dublin","Number","32960"
"Actual change since previous census","1996","Kildare","Number","12336"
"Actual change since previous census","1996","Kilkenny","Number","1701"
"Actual change since previous census","1996","Laois","Number","631"
"Actual change since previous census","1996","Longford","Number","-130"
"Actual change since previous census","1996","Louth","Number","1442"
"Actual change since previous census","1996","Meath","Number","4362"
"Actual change since previous census","1996","Offaly","Number","623"
"Actual change since previous census","1996","Westmeath","Number","1434"
"Actual change since previous census","1996","Wexford","Number","2302"
"Actual change since previous census","1996","Wicklow","Number","5418"
"Actual change since previous census","1996","Clare","Number","3088"
"Actual change since previous census","1996","Cork","Number","10141"
"Actual change since previous census","1996","Kerry","Number","4236"
"Actual change since previous census","1996","Limerick","Number","3086"
"Actual change since previous census","1996","Tipperary","Number","763"
"Actual change since previous census","1996","Waterford","Number","3056"
"Actual change since previous census","1996","Galway","Number","8490"
"Actual change since previous census","1996","Leitrim","Number","-244"
"Actual change since previous census","1996","Mayo","Number","811"
"Actual change since previous census","1996","Roscommon","Number","78"
"Actual change since previous census","1996","Sligo","Number","1065"
"Actual change since previous census","1996","Cavan","Number","148"
"Actual change since previous census","1996","Donegal","Number","1877"
"Actual change since previous census","1996","Monaghan","Number","20"
"Actual change since previous census","2002","State","Number","291116"
"Actual change since previous census","2002","Carlow","Number","4398"
"Actual change since previous census","2002","Dublin","Number","64557"
"Actual change since previous census","2002","Kildare","Number","28952"
"Actual change since previous census","2002","Kilkenny","Number","5003"
"Actual change since previous census","2002","Laois","Number","5829"
"Actual change since previous census","2002","Longford","Number","902"
"Actual change since previous census","2002","Louth","Number","9655"
"Actual change since previous census","2002","Meath","Number","24273"
"Actual change since previous census","2002","Offaly","Number","4546"
"Actual change since previous census","2002","Westmeath","Number","8544"
"Actual change since previous census","2002","Wexford","Number","12225"
"Actual change since previous census","2002","Wicklow","Number","11993"
"Actual change since previous census","2002","Clare","Number","9271"
"Actual change since previous census","2002","Cork","Number","27319"
"Actual change since previous census","2002","Kerry","Number","6397"
"Actual change since previous census","2002","Limerick","Number","10262"
"Actual change since previous census","2002","Tipperary","Number","6596"
"Actual change since previous census","2002","Waterford","Number","6866"
"Actual change since previous census","2002","Galway","Number","20223"
"Actual change since previous census","2002","Leitrim","Number","742"
"Actual change since previous census","2002","Mayo","Number","5922"
"Actual change since previous census","2002","Roscommon","Number","1799"
"Actual change since previous census","2002","Sligo","Number","2379"
"Actual change since previous census","2002","Cavan","Number","3602"
"Actual change since previous census","2002","Donegal","Number","7581"
"Actual change since previous census","2002","Monaghan","Number","1280"
"Actual change since previous census","2006","State","Number","322645"
"Actual change since previous census","2006","Carlow","Number","4335"
"Actual change since previous census","2006","Dublin","Number","64355"
"Actual change since previous census","2006","Kildare","Number","22391"
"Actual change since previous census","2006","Kilkenny","Number","7219"
"Actual change since previous census","2006","Laois","Number","8285"
"Actual change since previous census","2006","Longford","Number","3323"
"Actual change since previous census","2006","Louth","Number","9446"
"Actual change since previous census","2006","Meath","Number","28826"
"Actual change since previous census","2006","Offaly","Number","7205"
"Actual change since previous census","2006","Westmeath","Number","7488"
"Actual change since previous census","2006","Wexford","Number","15153"
"Actual change since previous census","2006","Wicklow","Number","11518"
"Actual change since previous census","2006","Clare","Number","7673"
"Actual change since previous census","2006","Cork","Number","33466"
"Actual change since previous census","2006","Kerry","Number","7308"
"Actual change since previous census","2006","Limerick","Number","8751"
"Actual change since previous census","2006","Tipperary","Number","9113"
"Actual change since previous census","2006","Waterford","Number","6415"
"Actual change since previous census","2006","Galway","Number","22593"
"Actual change since previous census","2006","Leitrim","Number","3151"
"Actual change since previous census","2006","Mayo","Number","6393"
"Actual change since previous census","2006","Roscommon","Number","4994"
"Actual change since previous census","2006","Sligo","Number","2694"
"Actual change since previous census","2006","Cavan","Number","7457"
"Actual change since previous census","2006","Donegal","Number","9689"
"Actual change since previous census","2006","Monaghan","Number","3404"
"Actual change since previous census","2011","State","Number","348404"
"Actual change since previous census","2011","Carlow","Number","4263"
"Actual change since previous census","2011","Dublin","Number","85893"
"Actual change since previous census","2011","Kildare","Number","23977"
"Actual change since previous census","2011","Kilkenny","Number","7861"
"Actual change since previous census","2011","Laois","Number","13500"
"Actual change since previous census","2011","Longford","Number","4609"
"Actual change since previous census","2011","Louth","Number","11630"
"Actual change since previous census","2011","Meath","Number","21304"
"Actual change since previous census","2011","Offaly","Number","5819"
"Actual change since previous census","2011","Westmeath","Number","6818"
"Actual change since previous census","2011","Wexford","Number","13571"
"Actual change since previous census","2011","Wicklow","Number","10446"
"Actual change since previous census","2011","Clare","Number","6246"
"Actual change since previous census","2011","Cork","Number","37737"
"Actual change since previous census","2011","Kerry","Number","5667"
"Actual change since previous census","2011","Limerick","Number","7754"
"Actual change since previous census","2011","Tipperary","Number","9510"
"Actual change since previous census","2011","Waterford","Number","5834"
"Actual change since previous census","2011","Galway","Number","18983"
"Actual change since previous census","2011","Leitrim","Number","2848"
"Actual change since previous census","2011","Mayo","Number","6799"
"Actual change since previous census","2011","Roscommon","Number","5297"
"Actual change since previous census","2011","Sligo","Number","4499"
"Actual change since previous census","2011","Cavan","Number","9180"
"Actual change since previous census","2011","Donegal","Number","13873"
"Actual change since previous census","2011","Monaghan","Number","4486"
"Actual change since previous census","2016","State","Number","173613"
"Actual change since previous census","2016","Carlow","Number","2320"
"Actual change since previous census","2016","Dublin","Number","74290"
"Actual change since previous census","2016","Kildare","Number","12192"
"Actual change since previous census","2016","Kilkenny","Number","3813"
"Actual change since previous census","2016","Laois","Number","4138"
"Actual change since previous census","2016","Longford","Number","1873"
"Actual change since previous census","2016","Louth","Number","5987"
"Actual change since previous census","2016","Meath","Number","10909"
"Actual change since previous census","2016","Offaly","Number","1274"
"Actual change since previous census","2016","Westmeath","Number","2606"
"Actual change since previous census","2016","Wexford","Number","4402"
"Actual change since previous census","2016","Wicklow","Number","5785"
"Actual change since previous census","2016","Clare","Number","1621"
"Actual change since previous census","2016","Cork","Number","23836"
"Actual change since previous census","2016","Kerry","Number","2205"
"Actual change since previous census","2016","Limerick","Number","3090"
"Actual change since previous census","2016","Tipperary","Number","799"
"Actual change since previous census","2016","Waterford","Number","2381"
"Actual change since previous census","2016","Galway","Number","7405"
"Actual change since previous census","2016","Leitrim","Number","246"
"Actual change since previous census","2016","Mayo","Number","-131"
"Actual change since previous census","2016","Roscommon","Number","479"
"Actual change since previous census","2016","Sligo","Number","142"
"Actual change since previous census","2016","Cavan","Number","2993"
"Actual change since previous census","2016","Donegal","Number","-1945"
"Actual change since previous census","2016","Monaghan","Number","903"
"Actual change since previous census","2022","State","Number","387274"
"Actual change since previous census","2022","Carlow","Number","5036"
"Actual change since previous census","2022","Dublin","Number","110795"
"Actual change since previous census","2022","Kildare","Number","25270"
"Actual change since previous census","2022","Kilkenny","Number","4928"
"Actual change since previous census","2022","Laois","Number","7180"
"Actual change since previous census","2022","Longford","Number","5878"
"Actual change since previous census","2022","Louth","Number","10819"
"Actual change since previous census","2022","Meath","Number","25782"
"Actual change since previous census","2022","Offaly","Number","5189"
"Actual change since previous census","2022","Westmeath","Number","7451"
"Actual change since previous census","2022","Wexford","Number","14197"
"Actual change since previous census","2022","Wicklow","Number","13426"
"Actual change since previous census","2022","Clare","Number","9121"
"Actual change since previous census","2022","Cork","Number","41288"
"Actual change since previous census","2022","Kerry","Number","8751"
"Actual change since previous census","2022","Limerick","Number","14637"
"Actual change since previous census","2022","Tipperary","Number","8342"
"Actual change since previous census","2022","Waterford","Number","11187"
"Actual change since previous census","2022","Galway","Number","19679"
"Actual change since previous census","2022","Leitrim","Number","3155"
"Actual change since previous census","2022","Mayo","Number","7463"
"Actual change since previous census","2022","Roscommon","Number","5715"
"Actual change since previous census","2022","Sligo","Number","4663"
"Actual change since previous census","2022","Cavan","Number","5528"
"Actual change since previous census","2022","Donegal","Number","7892"
"Actual change since previous census","2022","Monaghan","Number","3902"
"Percentage change since previous census","1926","State","%","-6"
"Percentage change since previous census","1926","Carlow","%","-5.4"
"Percentage change since previous census","1926","Dublin","%","5.3"
"Percentage change since previous census","1926","Kildare","%","-17.4"
"Percentage change since previous census","1926","Kilkenny","%","-5.9"
"Percentage change since previous census","1926","Laois","%","-6.4"
"Percentage change since previous census","1926","Longford","%","-11.1"
"Percentage change since previous census","1926","Louth","%","-1.5"
"Percentage change since previous census","1926","Meath","%","-3.5"
"Percentage change since previous census","1926","Offaly","%","-8.8"
"Percentage change since previous census","1926","Westmeath","%","-5.9"
"Percentage change since previous census","1926","Wexford","%","-7.2"
"Percentage change since previous census","1926","Wicklow","%","-5.7"
"Percentage change since previous census","1926","Clare","%","-10.7"
"Percentage change since previous census","1926","Cork","%","-7.8"
"Percentage change since previous census","1926","Kerry","%","-7.6"
"Percentage change since previous census","1926","Limerick","%","-2"
"Percentage change since previous census","1926","Tipperary","%","-7.5"
"Percentage change since previous census","1926","Waterford","%","-7.4"
"Percentage change since previous census","1926","Galway","%","-8.2"
"Percentage change since previous census","1926","Leitrim","%","-15.9"
"Percentage change since previous census","1926","Mayo","%","-12.7"
"Percentage change since previous census","1926","Roscommon","%","-14.2"
"Percentage change since previous census","1926","Sligo","%","-12"
"Percentage change since previous census","1926","Cavan","%","-11.8"
"Percentage change since previous census","1926","Donegal","%","-11.7"
"Percentage change since previous census","1926","Monaghan","%","-10.8"
"Percentage change since previous census","1936","State","%","-0.1"
"Percentage change since previous census","1936","Carlow","%","-0.1"
"Percentage change since previous census","1936","Dublin","%","16.1"
"Percentage change since previous census","1936","Kildare","%","-0.2"
"Percentage change since previous census","1936","Kilkenny","%","-3.3"
"Percentage change since previous census","1936","Laois","%","-2.8"
"Percentage change since previous census","1936","Longford","%","-5"
"Percentage change since previous census","1936","Louth","%","2.6"
"Percentage change since previous census","1936","Meath","%","-2.5"
"Percentage change since previous census","1936","Offaly","%","-2.4"
"Percentage change since previous census","1936","Westmeath","%","-3.7"
"Percentage change since previous census","1936","Wexford","%","-1.7"
"Percentage change since previous census","1936","Wicklow","%","1.7"
"Percentage change since previous census","1936","Clare","%","-5.5"
"Percentage change since previous census","1936","Cork","%","-2.7"
"Percentage change since previous census","1936","Kerry","%","-6.3"
"Percentage change since previous census","1936","Limerick","%","0.6"
"Percentage change since previous census","1936","Tipperary","%","-2.3"
"Percentage change since previous census","1936","Waterford","%","-1.2"
"Percentage change since previous census","1936","Galway","%","-0.7"
"Percentage change since previous census","1936","Leitrim","%","-8.9"
"Percentage change since previous census","1936","Mayo","%","-6.6"
"Percentage change since previous census","1936","Roscommon","%","-7.2"
"Percentage change since previous census","1936","Sligo","%","-5.5"
"Percentage change since previous census","1936","Cavan","%","-7"
"Percentage change since previous census","1936","Donegal","%","-6.7"
"Percentage change since previous census","1936","Monaghan","%","-5.9"
"Percentage change since previous census","1946","State","%","-0.4"
"Percentage change since previous census","1946","Carlow","%","-1.1"
"Percentage change since previous census","1946","Dublin","%","8.4"
"Percentage change since previous census","1946","Kildare","%","12"
"Percentage change since previous census","1946","Kilkenny","%","-2.8"
"Percentage change since previous census","1946","Laois","%","-0.8"
"Percentage change since previous census","1946","Longford","%","-4.3"
"Percentage change since previous census","1946","Louth","%","2.9"
"Percentage change since previous census","1946","Meath","%","7.9"
"Percentage change since previous census","1946","Offaly","%","4.6"
"Percentage change since previous census","1946","Westmeath","%","0.4"
"Percentage change since previous census","1946","Wexford","%","-2.5"
"Percentage change since previous census","1946","Wicklow","%","3.2"
"Percentage change since previous census","1946","Clare","%","-5.4"
"Percentage change since previous census","1946","Cork","%","-3.5"
"Percentage change since previous census","1946","Kerry","%","-4.2"
"Percentage change since previous census","1946","Limerick","%","1"
"Percentage change since previous census","1946","Tipperary","%","-1.3"
"Percentage change since previous census","1946","Waterford","%","-1.9"
"Percentage change since previous census","1946","Galway","%","-1.8"
"Percentage change since previous census","1946","Leitrim","%","-12.4"
"Percentage change since previous census","1946","Mayo","%","-8.2"
"Percentage change since previous census","1946","Roscommon","%","-6.5"
"Percentage change since previous census","1946","Sligo","%","-7.5"
"Percentage change since previous census","1946","Cavan","%","-8.2"
"Percentage change since previous census","1946","Donegal","%","-4.2"
"Percentage change since previous census","1946","Monaghan","%","-6.6"
"Percentage change since previous census","1951","State","%","0.2"
"Percentage change since previous census","1951","Carlow","%","0.2"
"Percentage change since previous census","1951","Dublin","%","8.9"
"Percentage change since previous census","1951","Kildare","%","2.4"
"Percentage change since previous census","1951","Kilkenny","%","-2.2"
"Percentage change since previous census","1951","Laois","%","-2.5"
"Percentage change since previous census","1951","Longford","%","-4.6"
"Percentage change since previous census","1951","Louth","%","3.9"
"Percentage change since previous census","1951","Meath","%","0.2"
"Percentage change since previous census","1951","Offaly","%","-2.1"
"Percentage change since previous census","1951","Westmeath","%","-0.9"
"Percentage change since previous census","1951","Wexford","%","-2"
"Percentage change since previous census","1951","Wicklow","%","3.5"
"Percentage change since previous census","1951","Clare","%","-4.4"
"Percentage change since previous census","1951","Cork","%","-0.7"
"Percentage change since previous census","1951","Kerry","%","-5.4"
"Percentage change since previous census","1951","Limerick","%","-0.9"
"Percentage change since previous census","1951","Tipperary","%","-2"
"Percentage change since previous census","1951","Waterford","%","-1.4"
"Percentage change since previous census","1951","Galway","%","-3"
"Percentage change since previous census","1951","Leitrim","%","-7.6"
"Percentage change since previous census","1951","Mayo","%","-4.2"
"Percentage change since previous census","1951","Roscommon","%","-6.1"
"Percentage change since previous census","1951","Sligo","%","-3"
"Percentage change since previous census","1951","Cavan","%","-5.7"
"Percentage change since previous census","1951","Donegal","%","-3.5"
"Percentage change since previous census","1951","Monaghan","%","-3.3"
"Percentage change since previous census","1956","State","%","-2.1"
"Percentage change since previous census","1956","Carlow","%","-0.8"
"Percentage change since previous census","1956","Dublin","%","1.8"
"Percentage change since previous census","1956","Kildare","%","-0.8"
"Percentage change since previous census","1956","Kilkenny","%","-1.8"
"Percentage change since previous census","1956","Laois","%","-2.8"
"Percentage change since previous census","1956","Longford","%","-4.6"
"Percentage change since previous census","1956","Louth","%","0.6"
"Percentage change since previous census","1956","Meath","%","0.6"
"Percentage change since previous census","1956","Offaly","%","-1.1"
"Percentage change since previous census","1956","Westmeath","%","-0.6"
"Percentage change since previous census","1956","Wexford","%","-3.1"
"Percentage change since previous census","1956","Wicklow","%","-4.3"
"Percentage change since previous census","1956","Clare","%","-5.1"
"Percentage change since previous census","1956","Cork","%","-1.4"
"Percentage change since previous census","1956","Kerry","%","-3.6"
"Percentage change since previous census","1956","Limerick","%","-2.4"
"Percentage change since previous census","1956","Tipperary","%","-2.9"
"Percentage change since previous census","1956","Waterford","%","-1.4"
"Percentage change since previous census","1956","Galway","%","-2.9"
"Percentage change since previous census","1956","Leitrim","%","-10.1"
"Percentage change since previous census","1956","Mayo","%","-6.2"
"Percentage change since previous census","1956","Roscommon","%","-6.4"
"Percentage change since previous census","1956","Sligo","%","-6.1"
"Percentage change since previous census","1956","Cavan","%","-7"
"Percentage change since previous census","1956","Donegal","%","-7.2"
"Percentage change since previous census","1956","Monaghan","%","-5.9"
"Percentage change since previous census","1961","State","%","-2.8"
"Percentage change since previous census","1961","Carlow","%","-1.6"
"Percentage change since previous census","1961","Dublin","%","1.8"
"Percentage change since previous census","1961","Kildare","%","-2.3"
"Percentage change since previous census","1961","Kilkenny","%","-3.8"
"Percentage change since previous census","1961","Laois","%","-4.3"
"Percentage change since previous census","1961","Longford","%","-7.1"
"Percentage change since previous census","1961","Louth","%","-2.6"
"Percentage change since previous census","1961","Meath","%","-2.5"
"Percentage change since previous census","1961","Offaly","%","-0.8"
"Percentage change since previous census","1961","Westmeath","%","-2.3"
"Percentage change since previous census","1961","Wexford","%","-4.5"
"Percentage change since previous census","1961","Wicklow","%","-2.4"
"Percentage change since previous census","1961","Clare","%","-4.5"
"Percentage change since previous census","1961","Cork","%","-1.8"
"Percentage change since previous census","1961","Kerry","%","-4.6"
"Percentage change since previous census","1961","Limerick","%","-3.3"
"Percentage change since previous census","1961","Tipperary","%","-4.3"
"Percentage change since previous census","1961","Waterford","%","-3.5"
"Percentage change since previous census","1961","Galway","%","-3.6"
"Percentage change since previous census","1961","Leitrim","%","-9.7"
"Percentage change since previous census","1961","Mayo","%","-7.3"
"Percentage change since previous census","1961","Roscommon","%","-7.1"
"Percentage change since previous census","1961","Sligo","%","-5.8"
"Percentage change since previous census","1961","Cavan","%","-8.3"
"Percentage change since previous census","1961","Donegal","%","-6.7"
"Percentage change since previous census","1961","Monaghan","%","-9.6"
"Percentage change since previous census","1966","State","%","2.3"
"Percentage change since previous census","1966","Carlow","%","0.8"
"Percentage change since previous census","1966","Dublin","%","10.7"
"Percentage change since previous census","1966","Kildare","%","3.1"
"Percentage change since previous census","1966","Kilkenny","%","-2"
"Percentage change since previous census","1966","Laois","%","-1.1"
"Percentage change since previous census","1966","Longford","%","-5.4"
"Percentage change since previous census","1966","Louth","%","3.2"
"Percentage change since previous census","1966","Meath","%","3.4"
"Percentage change since previous census","1966","Offaly","%","0.4"
"Percentage change since previous census","1966","Westmeath","%","0.1"
"Percentage change since previous census","1966","Wexford","%","0.2"
"Percentage change since previous census","1966","Wicklow","%","3.3"
"Percentage change since previous census","1966","Clare","%","-0.1"
"Percentage change since previous census","1966","Cork","%","2.8"
"Percentage change since previous census","1966","Kerry","%","-3.2"
"Percentage change since previous census","1966","Limerick","%","3"
"Percentage change since previous census","1966","Tipperary","%","-0.8"
"Percentage change since previous census","1966","Waterford","%","2.3"
"Percentage change since previous census","1966","Galway","%","-1"
"Percentage change since previous census","1966","Leitrim","%","-8.7"
"Percentage change since previous census","1966","Mayo","%","-6.3"
"Percentage change since previous census","1966","Roscommon","%","-5"
"Percentage change since previous census","1966","Sligo","%","-4.3"
"Percentage change since previous census","1966","Cavan","%","-4.5"
"Percentage change since previous census","1966","Donegal","%","-4.6"
"Percentage change since previous census","1966","Monaghan","%","-2.9"
"Percentage change since previous census","1971","State","%","3.3"
"Percentage change since previous census","1971","Carlow","%","1.9"
"Percentage change since previous census","1971","Dublin","%","7.2"
"Percentage change since previous census","1971","Kildare","%","8.4"
"Percentage change since previous census","1971","Kilkenny","%","1.7"
"Percentage change since previous census","1971","Laois","%","1.5"
"Percentage change since previous census","1971","Longford","%","-2.5"
"Percentage change since previous census","1971","Louth","%","7.8"
"Percentage change since previous census","1971","Meath","%","6.5"
"Percentage change since previous census","1971","Offaly","%","0.2"
"Percentage change since previous census","1971","Westmeath","%","1.3"
"Percentage change since previous census","1971","Wexford","%","3.5"
"Percentage change since previous census","1971","Wicklow","%","9.7"
"Percentage change since previous census","1971","Clare","%","1.9"
"Percentage change since previous census","1971","Cork","%","3.9"
"Percentage change since previous census","1971","Kerry","%","0"
"Percentage change since previous census","1971","Limerick","%","2.3"
"Percentage change since previous census","1971","Tipperary","%","0.6"
"Percentage change since previous census","1971","Waterford","%","5.8"
"Percentage change since previous census","1971","Galway","%","0.6"
"Percentage change since previous census","1971","Leitrim","%","-7.2"
"Percentage change since previous census","1971","Mayo","%","-5.2"
"Percentage change since previous census","1971","Roscommon","%","-4.8"
"Percentage change since previous census","1971","Sligo","%","-1.9"
"Percentage change since previous census","1971","Cavan","%","-2.6"
"Percentage change since previous census","1971","Donegal","%","-0.2"
"Percentage change since previous census","1971","Monaghan","%","1.1"
"Percentage change since previous census","1979","State","%","13.1"
"Percentage change since previous census","1979","Carlow","%","12.9"
"Percentage change since previous census","1979","Dublin","%","15.4"
"Percentage change since previous census","1979","Kildare","%","35"
"Percentage change since previous census","1979","Kilkenny","%","12.5"
"Percentage change since previous census","1979","Laois","%","10.3"
"Percentage change since previous census","1979","Longford","%","9"
"Percentage change since previous census","1979","Louth","%","14.9"
"Percentage change since previous census","1979","Meath","%","26.5"
"Percentage change since previous census","1979","Offaly","%","10.6"
"Percentage change since previous census","1979","Westmeath","%","11.8"
"Percentage change since previous census","1979","Wexford","%","11.7"
"Percentage change since previous census","1979","Wicklow","%","26.6"
"Percentage change since previous census","1979","Clare","%","13.2"
"Percentage change since previous census","1979","Cork","%","12.3"
"Percentage change since previous census","1979","Kerry","%","6.7"
"Percentage change since previous census","1979","Limerick","%","12.1"
"Percentage change since previous census","1979","Tipperary","%","8.2"
"Percentage change since previous census","1979","Waterford","%","12.9"
"Percentage change since previous census","1979","Galway","%","12.5"
"Percentage change since previous census","1979","Leitrim","%","-1.8"
"Percentage change since previous census","1979","Mayo","%","4.1"
"Percentage change since previous census","1979","Roscommon","%","1.3"
"Percentage change since previous census","1979","Sligo","%","8.6"
"Percentage change since previous census","1979","Cavan","%","2.1"
"Percentage change since previous census","1979","Donegal","%","12.5"
"Percentage change since previous census","1979","Monaghan","%","8.9"
"Percentage change since previous census","1981","State","%","2.2"
"Percentage change since previous census","1981","Carlow","%","3"
"Percentage change since previous census","1981","Dublin","%","2"
"Percentage change since previous census","1981","Kildare","%","7.1"
"Percentage change since previous census","1981","Kilkenny","%","2.4"
"Percentage change since previous census","1981","Laois","%","2.5"
"Percentage change since previous census","1981","Longford","%","1.2"
"Percentage change since previous census","1981","Louth","%","2.8"
"Percentage change since previous census","1981","Meath","%","5.2"
"Percentage change since previous census","1981","Offaly","%","1.7"
"Percentage change since previous census","1981","Westmeath","%","2.7"
"Percentage change since previous census","1981","Wexford","%","2.8"
"Percentage change since previous census","1981","Wicklow","%","4.2"
"Percentage change since previous census","1981","Clare","%","3.1"
"Percentage change since previous census","1981","Cork","%","1.6"
"Percentage change since previous census","1981","Kerry","%","2"
"Percentage change since previous census","1981","Limerick","%","2.7"
"Percentage change since previous census","1981","Tipperary","%","1.1"
"Percentage change since previous census","1981","Waterford","%","1.5"
"Percentage change since previous census","1981","Galway","%","2.5"
"Percentage change since previous census","1981","Leitrim","%","-0.8"
"Percentage change since previous census","1981","Mayo","%","0.7"
"Percentage change since previous census","1981","Roscommon","%","0.7"
"Percentage change since previous census","1981","Sligo","%","1.6"
"Percentage change since previous census","1981","Cavan","%","0.3"
"Percentage change since previous census","1981","Donegal","%","2.6"
"Percentage change since previous census","1981","Monaghan","%","1.6"
"Percentage change since previous census","1986","State","%","2.8"
"Percentage change since previous census","1986","Carlow","%","2.9"
"Percentage change since previous census","1986","Dublin","%","1.8"
"Percentage change since previous census","1986","Kildare","%","11.6"
"Percentage change since previous census","1986","Kilkenny","%","3.4"
"Percentage change since previous census","1986","Laois","%","4.1"
"Percentage change since previous census","1986","Longford","%","1.1"
"Percentage change since previous census","1986","Louth","%","3.7"
"Percentage change since previous census","1986","Meath","%","8.9"
"Percentage change since previous census","1986","Offaly","%","2.6"
"Percentage change since previous census","1986","Westmeath","%","3"
"Percentage change since previous census","1986","Wexford","%","3.5"
"Percentage change since previous census","1986","Wicklow","%","8.1"
"Percentage change since previous census","1986","Clare","%","4.3"
"Percentage change since previous census","1986","Cork","%","2.6"
"Percentage change since previous census","1986","Kerry","%","1.1"
"Percentage change since previous census","1986","Limerick","%","1.8"
"Percentage change since previous census","1986","Tipperary","%","1"
"Percentage change since previous census","1986","Waterford","%","2.9"
"Percentage change since previous census","1986","Galway","%","3.8"
"Percentage change since previous census","1986","Leitrim","%","-2.1"
"Percentage change since previous census","1986","Mayo","%","0.4"
"Percentage change since previous census","1986","Roscommon","%","0.1"
"Percentage change since previous census","1986","Sligo","%","1"
"Percentage change since previous census","1986","Cavan","%","0.2"
"Percentage change since previous census","1986","Donegal","%","3.6"
"Percentage change since previous census","1986","Monaghan","%","2.3"
"Percentage change since previous census","1991","State","%","-0.4"
"Percentage change since previous census","1991","Carlow","%","-0.1"
"Percentage change since previous census","1991","Dublin","%","0.4"
"Percentage change since previous census","1991","Kildare","%","5.5"
"Percentage change since previous census","1991","Kilkenny","%","0.6"
"Percentage change since previous census","1991","Laois","%","-1.8"
"Percentage change since previous census","1991","Longford","%","-3.8"
"Percentage change since previous census","1991","Louth","%","-1.2"
"Percentage change since previous census","1991","Meath","%","1.4"
"Percentage change since previous census","1991","Offaly","%","-2.2"
"Percentage change since previous census","1991","Westmeath","%","-2.4"
"Percentage change since previous census","1991","Wexford","%","-0.5"
"Percentage change since previous census","1991","Wicklow","%","2.9"
"Percentage change since previous census","1991","Clare","%","-0.5"
"Percentage change since previous census","1991","Cork","%","-0.6"
"Percentage change since previous census","1991","Kerry","%","-1.8"
"Percentage change since previous census","1991","Limerick","%","-1.6"
"Percentage change since previous census","1991","Tipperary","%","-2.8"
"Percentage change since previous census","1991","Waterford","%","0.5"
"Percentage change since previous census","1991","Galway","%","1"
"Percentage change since previous census","1991","Leitrim","%","-6.4"
"Percentage change since previous census","1991","Mayo","%","-3.9"
"Percentage change since previous census","1991","Roscommon","%","-4.9"
"Percentage change since previous census","1991","Sligo","%","-2.3"
"Percentage change since previous census","1991","Cavan","%","-2.2"
"Percentage change since previous census","1991","Donegal","%","-1.2"
"Percentage change since previous census","1991","Monaghan","%","-2.1"
"Percentage change since previous census","1996","State","%","2.8"
"Percentage change since previous census","1996","Carlow","%","1.6"
"Percentage change since previous census","1996","Dublin","%","3.2"
"Percentage change since previous census","1996","Kildare","%","10.1"
"Percentage change since previous census","1996","Kilkenny","%","2.3"
"Percentage change since previous census","1996","Laois","%","1.2"
"Percentage change since previous census","1996","Longford","%","-0.4"
"Percentage change since previous census","1996","Louth","%","1.6"
"Percentage change since previous census","1996","Meath","%","4.1"
"Percentage change since previous census","1996","Offaly","%","1.1"
"Percentage change since previous census","1996","Westmeath","%","2.3"
"Percentage change since previous census","1996","Wexford","%","2.3"
"Percentage change since previous census","1996","Wicklow","%","5.6"
"Percentage change since previous census","1996","Clare","%","3.4"
"Percentage change since previous census","1996","Cork","%","2.5"
"Percentage change since previous census","1996","Kerry","%","3.5"
"Percentage change since previous census","1996","Limerick","%","1.9"
"Percentage change since previous census","1996","Tipperary","%","0.6"
"Percentage change since previous census","1996","Waterford","%","3.3"
"Percentage change since previous census","1996","Galway","%","4.7"
"Percentage change since previous census","1996","Leitrim","%","-1"
"Percentage change since previous census","1996","Mayo","%","0.7"
"Percentage change since previous census","1996","Roscommon","%","0.2"
"Percentage change since previous census","1996","Sligo","%","1.9"
"Percentage change since previous census","1996","Cavan","%","0.3"
"Percentage change since previous census","1996","Donegal","%","1.5"
"Percentage change since previous census","1996","Monaghan","%","0"
"Percentage change since previous census","2002","State","%","8"
"Percentage change since previous census","2002","Carlow","%","10.6"
"Percentage change since previous census","2002","Dublin","%","6.1"
"Percentage change since previous census","2002","Kildare","%","21.4"
"Percentage change since previous census","2002","Kilkenny","%","6.6"
"Percentage change since previous census","2002","Laois","%","11"
"Percentage change since previous census","2002","Longford","%","3"
"Percentage change since previous census","2002","Louth","%","10.5"
"Percentage change since previous census","2002","Meath","%","22.1"
"Percentage change since previous census","2002","Offaly","%","7.7"
"Percentage change since previous census","2002","Westmeath","%","13.5"
"Percentage change since previous census","2002","Wexford","%","11.7"
"Percentage change since previous census","2002","Wicklow","%","11.7"
"Percentage change since previous census","2002","Clare","%","9.9"
"Percentage change since previous census","2002","Cork","%","6.5"
"Percentage change since previous census","2002","Kerry","%","5.1"
"Percentage change since previous census","2002","Limerick","%","6.2"
"Percentage change since previous census","2002","Tipperary","%","4.9"
"Percentage change since previous census","2002","Waterford","%","7.3"
"Percentage change since previous census","2002","Galway","%","10.7"
"Percentage change since previous census","2002","Leitrim","%","3"
"Percentage change since previous census","2002","Mayo","%","5.3"
"Percentage change since previous census","2002","Roscommon","%","3.5"
"Percentage change since previous census","2002","Sligo","%","4.3"
"Percentage change since previous census","2002","Cavan","%","6.8"
"Percentage change since previous census","2002","Donegal","%","5.8"
"Percentage change since previous census","2002","Monaghan","%","2.5"
"Percentage change since previous census","2006","State","%","8.2"
"Percentage change since previous census","2006","Carlow","%","9.4"
"Percentage change since previous census","2006","Dublin","%","5.7"
"Percentage change since previous census","2006","Kildare","%","13.7"
"Percentage change since previous census","2006","Kilkenny","%","9"
"Percentage change since previous census","2006","Laois","%","14.1"
"Percentage change since previous census","2006","Longford","%","10.7"
"Percentage change since previous census","2006","Louth","%","9.3"
"Percentage change since previous census","2006","Meath","%","21.5"
"Percentage change since previous census","2006","Offaly","%","11.3"
"Percentage change since previous census","2006","Westmeath","%","10.4"
"Percentage change since previous census","2006","Wexford","%","13"
"Percentage change since previous census","2006","Wicklow","%","10"
"Percentage change since previous census","2006","Clare","%","7.4"
"Percentage change since previous census","2006","Cork","%","7.5"
"Percentage change since previous census","2006","Kerry","%","5.5"
"Percentage change since previous census","2006","Limerick","%","5"
"Percentage change since previous census","2006","Tipperary","%","6.5"
"Percentage change since previous census","2006","Waterford","%","6.3"
"Percentage change since previous census","2006","Galway","%","10.8"
"Percentage change since previous census","2006","Leitrim","%","12.2"
"Percentage change since previous census","2006","Mayo","%","5.4"
"Percentage change since previous census","2006","Roscommon","%","9.3"
"Percentage change since previous census","2006","Sligo","%","4.6"
"Percentage change since previous census","2006","Cavan","%","13.2"
"Percentage change since previous census","2006","Donegal","%","7"
"Percentage change since previous census","2006","Monaghan","%","6.5"
"Percentage change since previous census","2011","State","%","8.2"
"Percentage change since previous census","2011","Carlow","%","8.5"
"Percentage change since previous census","2011","Dublin","%","7.2"
"Percentage change since previous census","2011","Kildare","%","12.9"
"Percentage change since previous census","2011","Kilkenny","%","9"
"Percentage change since previous census","2011","Laois","%","20.1"
"Percentage change since previous census","2011","Longford","%","13.4"
"Percentage change since previous census","2011","Louth","%","10.5"
"Percentage change since previous census","2011","Meath","%","13.1"
"Percentage change since previous census","2011","Offaly","%","8.2"
"Percentage change since previous census","2011","Westmeath","%","8.6"
"Percentage change since previous census","2011","Wexford","%","10.3"
"Percentage change since previous census","2011","Wicklow","%","8.3"
"Percentage change since previous census","2011","Clare","%","5.6"
"Percentage change since previous census","2011","Cork","%","7.8"
"Percentage change since previous census","2011","Kerry","%","4.1"
"Percentage change since previous census","2011","Limerick","%","4.2"
"Percentage change since previous census","2011","Tipperary","%","6.4"
"Percentage change since previous census","2011","Waterford","%","5.4"
"Percentage change since previous census","2011","Galway","%","8.2"
"Percentage change since previous census","2011","Leitrim","%","9.8"
"Percentage change since previous census","2011","Mayo","%","5.5"
"Percentage change since previous census","2011","Roscommon","%","9"
"Percentage change since previous census","2011","Sligo","%","7.4"
"Percentage change since previous census","2011","Cavan","%","14.3"
"Percentage change since previous census","2011","Donegal","%","9.4"
"Percentage change since previous census","2011","Monaghan","%","8"
"Percentage change since previous census","2016","State","%","3.8"
"Percentage change since previous census","2016","Carlow","%","4.2"
"Percentage change since previous census","2016","Dublin","%","5.8"
"Percentage change since previous census","2016","Kildare","%","5.8"
"Percentage change since previous census","2016","Kilkenny","%","4"
"Percentage change since previous census","2016","Laois","%","5.1"
"Percentage change since previous census","2016","Longford","%","4.8"
"Percentage change since previous census","2016","Louth","%","4.9"
"Percentage change since previous census","2016","Meath","%","5.9"
"Percentage change since previous census","2016","Offaly","%","1.7"
"Percentage change since previous census","2016","Westmeath","%","3"
"Percentage change since previous census","2016","Wexford","%","3"
"Percentage change since previous census","2016","Wicklow","%","4.2"
"Percentage change since previous census","2016","Clare","%","1.4"
"Percentage change since previous census","2016","Cork","%","4.6"
"Percentage change since previous census","2016","Kerry","%","1.5"
"Percentage change since previous census","2016","Limerick","%","1.6"
"Percentage change since previous census","2016","Tipperary","%","0.5"
"Percentage change since previous census","2016","Waterford","%","2.1"
"Percentage change since previous census","2016","Galway","%","3"
"Percentage change since previous census","2016","Leitrim","%","0.8"
"Percentage change since previous census","2016","Mayo","%","-0.1"
"Percentage change since previous census","2016","Roscommon","%","0.7"
"Percentage change since previous census","2016","Sligo","%","0.2"
"Percentage change since previous census","2016","Cavan","%","4.1"
"Percentage change since previous census","2016","Donegal","%","-1.2"
"Percentage change since previous census","2016","Monaghan","%","1.5"
"Percentage change since previous census","2022","State","%","8.1"
"Percentage change since previous census","2022","Carlow","%","8.8"
"Percentage change since previous census","2022","Dublin","%","8.2"
"Percentage change since previous census","2022","Kildare","%","11.4"
"Percentage change since previous census","2022","Kilkenny","%","5"
"Percentage change since previous census","2022","Laois","%","8.5"
"Percentage change since previous census","2022","Longford","%","14.4"
"Percentage change since previous census","2022","Louth","%","8.4"
"Percentage change since previous census","2022","Meath","%","13.2"
"Percentage change since previous census","2022","Offaly","%","6.7"
"Percentage change since previous census","2022","Westmeath","%","8.4"
"Percentage change since previous census","2022","Wexford","%","9.5"
"Percentage change since previous census","2022","Wicklow","%","9.4"
"Percentage change since previous census","2022","Clare","%","7.7"
"Percentage change since previous census","2022","Cork","%","7.6"
"Percentage change since previous census","2022","Kerry","%","5.9"
"Percentage change since previous census","2022","Limerick","%","7.5"
"Percentage change since previous census","2022","Tipperary","%","5.2"
"Percentage change since previous census","2022","Waterford","%","9.6"
"Percentage change since previous census","2022","Galway","%","7.6"
"Percentage change since previous census","2022","Leitrim","%","9.8"
"Percentage change since previous census","2022","Mayo","%","5.7"
"Percentage change since previous census","2022","Roscommon","%","8.9"
"Percentage change since previous census","2022","Sligo","%","7.1"
"Percentage change since previous census","2022","Cavan","%","7.3"
"Percentage change since previous census","2022","Donegal","%","5"
"Percentage change since previous census","2022","Monaghan","%","6.4"
